Panel	Non-consanguineous	First cousins
Skeletal	1.337781079	80.71941543
ID	11.04335894	738.8858428
Neuromuscular	2.437033716	189.665763
Cilia	5.264231307	218.5303807
Dermatologic	4.154244025	139.2325107
Immune system	9.207369934	193.0917053
Deafness	12.5865361	199.5000054
Hematologic	0.474034302	59.17080267
Endocrine	4.631174832	86.58472928
Metabolic-ID	28.5379707	951.9866753
Metabolic	124.1347282	1170.898521
Blindness	8.845573713	252.3149093